Model,Accuracy,AUC,Precision,Recall,F1 Score,MCC
Logistic Regression,0.8457370341700763,0.9079218714674134,0.41824357108199905,0.8147448015122873,0.5527412632253927,0.5092183435255142
Decision Tree,0.8782483689041247,0.6932742512248273,0.47847847847847846,0.45179584120982985,0.4647544968400583,0.39633781801126283
KNN,0.898595598805706,0.8500265147434996,0.6256684491978609,0.33175803402646503,0.4336009882643607,0.4070073583293771
Naive Bayes,0.8548048214088245,0.8100945416322902,0.4059040590405904,0.5198487712665406,0.45586406962287607,0.37735837569864067
Random Forest,0.9051199823067566,0.928626630982241,0.6937984496124031,0.3383742911153119,0.4548919949174079,0.44145416798366127
XGBoost,0.9092115448413137,0.934096184599432,0.6513409961685823,0.4820415879017013,0.5540467137425312,0.511851966442483
